seqnames	start	end	width	strand	tx_id	tx_biotype	tx_cds_seq_start	tx_cds_seq_end	gene_id	tx_support_level	tx_id_version	gc_content	tx_external_name	tx_is_canonical	tx_name
2	26786056	26794589	8534	+	ENST00000335756	protein_coding	26786197	26793279	ENSG00000115163	1	ENST00000335756.9	47.2282217422606	CENPA-202	1	ENST00000335756
2	26786068	26794589	8522	+	ENST00000233505	protein_coding	26786197	26793279	ENSG00000115163	1	ENST00000233505.12	47.1131639722864	CENPA-201	0	ENST00000233505
2	26786102	26793942	7841	+	ENST00000419525	nonsense_mediated_decay	26786197	26792552	ENSG00000115163	5	ENST00000419525.5	55.7894736842105	CENPA-203	0	ENST00000419525
